{"init_compartments": [39000000000.0, 600, 600, 0], "group_ratios": [0.037037037037037035, 0.037037037037037035, 0.037037037037037035, 0.037037037037037035, 0.037037037037037035, 0.037037037037037035, 0.037037037037037035, 0.037037037037037035, 0.037037037037037035, 0.037037037037037035, 0.037037037037037035, 0.037037037037037035, 0.037037037037037035, 0.037037037037037035, 0.037037037037037035, 0.037037037037037035, 0.037037037037037035, 0.037037037037037035, 0.037037037037037035, 0.037037037037037035, 0.037037037037037035, 0.037037037037037035, 0.037037037037037035, 0.037037037037037035, 0.037037037037037035, 0.037037037037037035, 0.037037037037037035], "n_groups": 27, "number_time_points": 315, "number_parameters": 4, "number_variables": 108, "t_start": 0, "time_series": [1, 2, 3, 4, 5, 6, 7, 8, 9, 10, 11, 12, 13, 14, 15, 16, 17, 18, 19, 20, 21, 22, 23, 24, 25, 26, 27, 28, 29, 30, 31, 32, 33, 34, 35, 36, 37, 38, 39, 40, 41, 42, 43, 44, 45, 46, 47, 48, 49, 50, 51, 52, 53, 54, 55, 56, 57, 58, 59, 60, 61, 62, 63, 64, 65, 66, 67, 68, 69, 70, 71, 72, 73, 74, 75, 76, 77, 78, 79, 80, 81, 82, 83, 84, 85, 86, 87, 88, 89, 90, 91, 92, 93, 94, 95, 96, 97, 98, 99, 100, 101, 102, 103, 104, 105, 106, 107, 108, 109, 110, 111, 112, 113, 114, 115, 116, 117, 118, 119, 120, 121, 122, 123, 124, 125, 126, 127, 128, 129, 130, 131, 132, 133, 134, 135, 136, 137, 138, 139, 140, 141, 142, 143, 144, 145, 146, 147, 148, 149, 150, 151, 152, 153, 154, 155, 156, 157, 158, 159, 160, 161, 162, 163, 164, 165, 166, 167, 168, 169, 170, 171, 172, 173, 174, 175, 176, 177, 178, 179, 180, 181, 182, 183, 184, 185, 186, 187, 188, 189, 190, 191, 192, 193, 194, 195, 196, 197, 198, 199, 200, 201, 202, 203, 204, 205, 206, 207, 208, 209, 210, 211, 212, 213, 214, 215, 216, 217, 218, 219, 220, 221, 222, 223, 224, 225, 226, 227, 228, 229, 230, 231, 232, 233, 234, 235, 236, 237, 238, 239, 240, 241, 242, 243, 244, 245, 246, 247, 248, 249, 250, 251, 252, 253, 254, 255, 256, 257, 258, 259, 260, 261, 262, 263, 264, 265, 266, 267, 268, 269, 270, 271, 272, 273, 274, 275, 276, 277, 278, 279, 280, 281, 282, 283, 284, 285, 286, 287, 288, 289, 290, 291, 292, 293, 294, 295, 296, 297, 298, 299, 300, 301, 302, 303, 304, 305, 306, 307, 308, 309, 310, 311, 312, 313, 314, 315], "incidence_data": [675, 331, 218, 244, 265, 222, 580, 471, 795, 842, 640, 480, 1169, 1223, 1036, 1510, 1325, 1412, 898, 1529, 1092, 1352, 1163, 1143, 1179, 554, 990, 1086, 1758, 1346, 1435, 1370, 645, 2283, 2135, 1973, 1885, 1883, 1027, 1300, 1567, 1469, 2417, 1525, 1755, 1419, 1321, 1275, 2603, 1799, 1898, 2049, 2119, 1259, 1443, 1759, 2023, 1772, 1857, 2046, 1591, 1365, 2262, 2140, 2247, 2187, 2079, 1848, 2175, 2247, 2717, 2189, 2992, 3705, 2423, 2304, 2377, 2120, 3094, 3115, 2796, 2507, 2170, 2702, 3090, 2702, 3660, 3212, 2597, 2108, 3455, 4084, 4317, 3893, 4515, 4230, 5019, 7149, 5349, 5269, 6209, 5120, 7083, 9480, 7407, 6408, 5688, 9153, 8597, 5699, 6090, 11694, 7031, 7798, 8047, 8460, 8358, 7346, 11126, 8544, 9986, 9199, 9329, 6846, 9231, 12807, 12040, 9718, 10066, 8259, 6891, 6000, 8755, 10197, 8086, 6542, 9032, 5739, 4526, 5295, 5258, 8436, 7371, 8373, 7751, 12500, 11645, 7085, 7934, 12614, 7873, 6469, 4636, 6164, 5920, 5585, 6556, 6777, 4946, 4480, 6004, 4430, 5329, 4981, 6070, 4176, 3712, 4255, 5125, 5106, 4956, 4905, 3091, 2676, 1616, 3338, 3326, 4107, 4625, 2855, 2235, 2950, 3238, 3630, 4304, 4265, 3294, 2630, 3146, 3170, 3400, 4197, 4071, 2955, 2162, 3200, 3062, 3590, 2159, 4293, 3055, 1677, 2764, 3575, 3806, 4170, 3803, 3449, 2378, 2666, 3329, 3075, 2979, 2862, 3474, 3286, 3707, 2940, 6141, 5945, 5219, 2981, 3188, 4515, 4191, 4014, 5087, 4529, 4094, 4044, 5338, 4566, 6518, 5863, 7682, 7212, 5367, 7464, 6927, 6893, 9875, 10968, 9890, 8743, 9811, 11478, 13005, 15442, 14319, 8337, 15329, 18350, 14640, 12635, 11996, 15614, 14034, 12221, 20759, 18591, 22018, 25068, 30075, 24735, 23272, 30851, 29677, 35468, 35729, 30334, 33278, 32326, 53711, 52281, 41012, 43608, 46474, 37892, 32659, 39069, 39070, 39144, 30375, 50141, 33170, 31245, 30921, 27237, 47189, 53341, 45352, 29633, 31440, 29892, 36385, 50030, 52636, 49685, 39839, 36487, 33751, 35930, 42655, 40622, 42229, 30699, 23794, 22403, 19673, 23024, 22972, 24111, 27007, 17028],